,precision,recall,f1-score,support
0,0.9173684210526316,0.9031088082901555,0.9101827676240208,1930.0
1,0.8985952589991221,0.9208277103013945,0.9095756498555877,2223.0
2,0.9602977667493796,0.9555555555555556,0.9579207920792079,2430.0
3,0.9283314669652856,0.9150110375275938,0.9216231239577543,906.0
accuracy,0.9268260114835092,0.9268260114835092,0.9268260114835092,0.9268260114835092
macro avg,0.9261482284416047,0.9236257779186748,0.9248255833791427,7489.0
weighted avg,0.9270517019172344,0.9268260114835092,0.9268764169049983,7489.0
